INSERT INTO `bay_position` (`bay_position_id`, `description`) VALUES (8,'Bottom Back'),(6,'Bottom Front'),(7,'Bottom Middle'),(5,'Middle Back'),(4,'Middle Front'),(9,'On Floor'),(3,'Top Back'),(1,'Top Front'),(2,'Top Middle');
INSERT INTO `company_region` (`company_region_id`, `description`) VALUES (5,'Cambridgeshire'),(4,'East Anglia'),(8,'Midlands'),(6,'North England'),(3,'Northern Ireland'),(2,'Scotland'),(7,'South England'),(1,'Wales');
INSERT INTO `contact_type` (`contact_type_id`, `description`) VALUES (2,'Customer Service'),(1,'Main');
INSERT INTO `container_measure` (`container_measure_id`, `litre_multiplier`, `description`) VALUES (1,1.000000000000,'litre'),(2,4.546091880000,'gallon'),(3,0.568200000000,'pint'),(4,0.284100000000,'half pint');
INSERT INTO `container_size` (`container_size_id`, `container_volume`, `container_measure_id`, `description`) VALUES (1,9.00,2,'firkin'),(2,18.00,2,'kilderkin'),(3,22.00,2,'22 gallon'),(4,36.00,2,'barrel');
INSERT INTO `country` (`country_id`, `country_code_iso2`, `country_code_iso3`, `country_code_num3`, `country_name`) VALUES (1,'GB','GBR','826','Great Britain'),(2,'IE','IRL','372','Ireland'),(3,'NL','NLD','528','Netherlands'),(4,'DE','DEU','276','Germany'),(5,'BE','BEL','056','Belgium'),(6,'CZ','CZE','203','Czech Republic');
INSERT INTO `product_category` (`product_category_id`, `description`) VALUES (1,'beer'),(3,'cider'),(6,'cyser'),(2,'foreign beer'),(7,'mead'),(5,'perry'),(4,'wine');
INSERT INTO `product_style` (`product_style_id`, `product_category_id`, `description`) VALUES (8,1,'Barley Wine'),(2,1,'Bitter'),(3,1,'Golden Ale'),(5,1,'IPA'),(11,1,'Light Bitter'),(1,1,'Mild'),(9,1,'Old Ale'),(4,1,'Pale Ale'),(6,1,'Porter'),(10,1,'Scottish Beer'),(7,1,'Stout'),(13,3,'dry'),(15,3,'medium'),(14,3,'medium dry'),(17,3,'medium sweet'),(16,3,'sweet'),(12,3,'very dry'),(18,3,'very sweet');
INSERT INTO `role` (`role_id`, `rolename`) VALUES (1,'admin'),(2,'user');
INSERT INTO `telephone_type` (`telephone_type_id`, `description`) VALUES (2,'fax'),(1,'landline'),(3,'mobile');
INSERT INTO `user` (`user_id`, `username`, `name`, `email`, `password`) VALUES (1,'admin',NULL,NULL,'{SSHA1}OdySmKa+BHu7Nr4FttQ02JXQvmrigao2');
INSERT INTO `user_role` (`user_role_id`, `user_id`, `role_id`) VALUES (1,1,1),(2,1,2);
